{"cameraMode":{"drawMode":0,"name":"Shaded","section":"Shading Mode"},"sceneLighting":false,"audioPlay":false,"sceneViewState":{"m_AlwaysRefresh":false,"showFog":true,"showSkybox":false,"showFlares":true,"showImageEffects":true,"showParticleSystems":true,"showVisualEffectGraphs":true,"m_FxEnabled":true},"in2DMode":false,"pivot":{"x":48.62799835205078,"y":34.13999938964844,"z":45.810001373291019},"rotation":{"x":-0.053199175745248798,"y":0.9463832378387451,"z":-0.21096597611904145,"w":-0.23906205594539643},"size":12.12435531616211,"orthographic":false}