{"cameraMode":{"drawMode":0,"name":"Shaded","section":"Shading Mode"},"sceneLighting":false,"audioPlay":false,"sceneViewState":{"m_AlwaysRefresh":false,"showFog":true,"showSkybox":false,"showFlares":true,"showImageEffects":true,"showParticleSystems":true,"showVisualEffectGraphs":true,"m_FxEnabled":true},"in2DMode":false,"pivot":{"x":4.690000057220459,"y":0.19982385635375977,"z":30.639999389648439},"rotation":{"x":0.03072454407811165,"y":-0.9297448992729187,"z":0.35977330803871157,"w":0.07621285319328308},"size":3.9508070945739748,"orthographic":false}