{"cameraMode":{"drawMode":0,"name":"Shaded","section":"Shading Mode"},"sceneLighting":false,"audioPlay":false,"sceneViewState":{"m_AlwaysRefresh":false,"showFog":true,"showSkybox":false,"showFlares":true,"showImageEffects":true,"showParticleSystems":true,"showVisualEffectGraphs":true,"m_FxEnabled":true},"in2DMode":false,"pivot":{"x":-2.166464328765869,"y":-0.06415003538131714,"z":3.9689013957977297},"rotation":{"x":0.19515405595302583,"y":-0.5347657203674316,"z":0.12871316075325013,"w":0.8127778172492981},"size":1.6490727663040162,"orthographic":false}