{"cameraMode":{"drawMode":0,"name":"Shaded","section":"Shading Mode"},"sceneLighting":false,"audioPlay":false,"sceneViewState":{"m_AlwaysRefresh":false,"showFog":true,"showSkybox":false,"showFlares":true,"showImageEffects":true,"showParticleSystems":true,"showVisualEffectGraphs":true,"m_FxEnabled":true},"in2DMode":false,"pivot":{"x":58.585975646972659,"y":30.147436141967775,"z":43.82707595825195},"rotation":{"x":-0.04462379962205887,"y":0.7230419516563416,"z":-0.046949442476034167,"w":-0.6879210472106934},"size":1.9529119729995728,"orthographic":false}